{"cameraMode":{"drawMode":0,"name":"Shaded","section":"Shading Mode"},"sceneLighting":true,"audioPlay":false,"sceneViewState":{"m_AlwaysRefresh":false,"showFog":true,"showSkybox":true,"showFlares":true,"showImageEffects":true,"showParticleSystems":true,"showVisualEffectGraphs":true,"m_FxEnabled":true},"in2DMode":false,"pivot":{"x":3.157032012939453,"y":-2.0941247940063478,"z":0.8274121880531311},"rotation":{"x":-0.36720380187034609,"y":-0.12863488495349885,"z":0.05125770345330238,"w":-0.9198450446128845},"size":12.12435531616211,"orthographic":false}