{"cameraMode":{"drawMode":0,"name":"Shaded","section":"Shading Mode"},"sceneLighting":true,"audioPlay":false,"sceneViewState":{"m_AlwaysRefresh":false,"showFog":true,"showSkybox":true,"showFlares":true,"showImageEffects":true,"showParticleSystems":true,"showVisualEffectGraphs":true,"m_FxEnabled":true},"in2DMode":false,"pivot":{"x":911.6255493164063,"y":170.1464080810547,"z":-54.896400451660159},"rotation":{"x":-0.2598094344139099,"y":-0.006692942231893539,"z":0.0017238639993593097,"w":-0.9657259583473206},"size":60.20797348022461,"orthographic":false}