{"cameraMode":{"drawMode":0,"name":"Shaded","section":"Shading Mode"},"sceneLighting":false,"audioPlay":false,"sceneViewState":{"m_AlwaysRefresh":false,"showFog":true,"showSkybox":false,"showFlares":true,"showImageEffects":true,"showParticleSystems":true,"showVisualEffectGraphs":true,"m_FxEnabled":true},"in2DMode":false,"pivot":{"x":-0.05008552595973015,"y":3.4370434284210207,"z":-1.9268141984939576},"rotation":{"x":-0.41880926489830019,"y":-0.026725657284259797,"z":0.012262451462447644,"w":-0.9076576232910156},"size":1.038511037826538,"orthographic":false}